Accuracy,Precision,Recall,F1-score,AUC,Confusion_TN,Confusion_FP,Confusion_FN,Confusion_TP,HitRate@10,NDCG@10,Precision@10
0.82,0.7894736842105263,0.9493670886075949,0.8620689655172413,0.9193135046982993,103,60,12,225,1.0,0.935466719592038,0.8800000000000001
