epoch,train_loss,val_loss,val_accuracy
1,0.689190199971199,0.6744969964027405,0.59375
2,0.6664888024330139,0.6726620674133301,0.59375
3,0.6384559065103531,0.6857113003730774,0.59375
4,0.5929125234484672,0.6437863111495972,0.61875
5,0.5007980421185494,0.4967110574245453,0.771875
6,0.4149814426898956,0.4417546570301056,0.828125
7,0.3718856193125248,0.43918482661247255,0.815625
8,0.3300497829914093,0.36370785236358644,0.85
