algorithm,Precision@10,Recall@10,HitRate@10
ItemCF,0.6449999999999999,0.5421911421911421,1.0
UserCF,0.6649999999999998,0.5589102564102564,1.0
